domain_id,slide_name,proportion_of_spots,predicted_cluster,prediction_score
1_#_Ronai_BRCA_033_DM-9606-3-001.svs,Ronai_BRCA_033_DM-9606-3-001.svs,0.150909090909091,Cluster_8,
4_#_Ronai_BRCA_033_DM-9606-3-001.svs,Ronai_BRCA_033_DM-9606-3-001.svs,0.137272727272727,Cluster_1,
3_#_Ronai_BRCA_033_DM-9606-3-001.svs,Ronai_BRCA_033_DM-9606-3-001.svs,0.124545454545455,Cluster_6,
8_#_Ronai_BRCA_033_DM-9606-3-001.svs,Ronai_BRCA_033_DM-9606-3-001.svs,0.116363636363636,Cluster_9,
2_#_Ronai_BRCA_033_DM-9606-3-001.svs,Ronai_BRCA_033_DM-9606-3-001.svs,0.112727272727273,Cluster_8,
6_#_Ronai_BRCA_033_DM-9606-3-001.svs,Ronai_BRCA_033_DM-9606-3-001.svs,0.100909090909091,Cluster_6,
5_#_Ronai_BRCA_033_DM-9606-3-001.svs,Ronai_BRCA_033_DM-9606-3-001.svs,0.0954545454545455,Cluster_8,
0_#_Ronai_BRCA_033_DM-9606-3-001.svs,Ronai_BRCA_033_DM-9606-3-001.svs,0.0836363636363636,Cluster_1,
7_#_Ronai_BRCA_033_DM-9606-3-001.svs,Ronai_BRCA_033_DM-9606-3-001.svs,0.0781818181818182,Cluster_1,
0_#_Ronai_BRCA_007_DM-9606-009.svs,Ronai_BRCA_007_DM-9606-009.svs,0.247669773635153,Cluster_4,
1_#_Ronai_BRCA_007_DM-9606-009.svs,Ronai_BRCA_007_DM-9606-009.svs,0.207723035952064,Cluster_8,
2_#_Ronai_BRCA_007_DM-9606-009.svs,Ronai_BRCA_007_DM-9606-009.svs,0.174434087882823,Cluster_8,
3_#_Ronai_BRCA_007_DM-9606-009.svs,Ronai_BRCA_007_DM-9606-009.svs,0.135818908122503,Cluster_10,
5_#_Ronai_BRCA_007_DM-9606-009.svs,Ronai_BRCA_007_DM-9606-009.svs,0.130492676431425,Cluster_2,
4_#_Ronai_BRCA_007_DM-9606-009.svs,Ronai_BRCA_007_DM-9606-009.svs,0.103861517976032,Cluster_2,
1_#_Ronai_BRCA_035_DM-9606-3-003.svs,Ronai_BRCA_035_DM-9606-3-003.svs,0.229634831460674,Cluster_10,
2_#_Ronai_BRCA_035_DM-9606-3-003.svs,Ronai_BRCA_035_DM-9606-3-003.svs,0.20435393258427,Cluster_10,
0_#_Ronai_BRCA_035_DM-9606-3-003.svs,Ronai_BRCA_035_DM-9606-3-003.svs,0.201544943820225,Cluster_10,
4_#_Ronai_BRCA_035_DM-9606-3-003.svs,Ronai_BRCA_035_DM-9606-3-003.svs,0.125,Cluster_4,
3_#_Ronai_BRCA_035_DM-9606-3-003.svs,Ronai_BRCA_035_DM-9606-3-003.svs,0.122191011235955,Cluster_10,
5_#_Ronai_BRCA_035_DM-9606-3-003.svs,Ronai_BRCA_035_DM-9606-3-003.svs,0.0730337078651685,Cluster_5,
6_#_Ronai_BRCA_035_DM-9606-3-003.svs,Ronai_BRCA_035_DM-9606-3-003.svs,0.0442415730337079,Cluster_10,
0_#_Ronai_BRCA_031_DM-9606-2-019.svs,Ronai_BRCA_031_DM-9606-2-019.svs,0.228033472803347,Cluster_4,
2_#_Ronai_BRCA_031_DM-9606-2-019.svs,Ronai_BRCA_031_DM-9606-2-019.svs,0.214086471408647,Cluster_4,
1_#_Ronai_BRCA_031_DM-9606-2-019.svs,Ronai_BRCA_031_DM-9606-2-019.svs,0.168061366806137,Cluster_4,
3_#_Ronai_BRCA_031_DM-9606-2-019.svs,Ronai_BRCA_031_DM-9606-2-019.svs,0.154114365411437,Cluster_4,
5_#_Ronai_BRCA_031_DM-9606-2-019.svs,Ronai_BRCA_031_DM-9606-2-019.svs,0.134588563458856,Cluster_4,
4_#_Ronai_BRCA_031_DM-9606-2-019.svs,Ronai_BRCA_031_DM-9606-2-019.svs,0.101115760111576,Cluster_5,
2_#_Ronai_BRCA_034_DM-9606-3-002.svs,Ronai_BRCA_034_DM-9606-3-002.svs,0.262490087232355,Cluster_10,
0_#_Ronai_BRCA_034_DM-9606-3-002.svs,Ronai_BRCA_034_DM-9606-3-002.svs,0.257731958762887,Cluster_10,
1_#_Ronai_BRCA_034_DM-9606-3-002.svs,Ronai_BRCA_034_DM-9606-3-002.svs,0.232355273592387,Cluster_10,
3_#_Ronai_BRCA_034_DM-9606-3-002.svs,Ronai_BRCA_034_DM-9606-3-002.svs,0.15146708961142,Cluster_10,
4_#_Ronai_BRCA_034_DM-9606-3-002.svs,Ronai_BRCA_034_DM-9606-3-002.svs,0.0959555908009516,Cluster_10,
0_#_Ronai_BRCA_028_DM-9606-2-014.svs,Ronai_BRCA_028_DM-9606-2-014.svs,0.213831478537361,Cluster_10,
2_#_Ronai_BRCA_028_DM-9606-2-014.svs,Ronai_BRCA_028_DM-9606-2-014.svs,0.14785373608903,Cluster_10,
5_#_Ronai_BRCA_028_DM-9606-2-014.svs,Ronai_BRCA_028_DM-9606-2-014.svs,0.135930047694754,Cluster_10,
4_#_Ronai_BRCA_028_DM-9606-2-014.svs,Ronai_BRCA_028_DM-9606-2-014.svs,0.121621621621622,Cluster_10,
1_#_Ronai_BRCA_028_DM-9606-2-014.svs,Ronai_BRCA_028_DM-9606-2-014.svs,0.104133545310016,Cluster_10,
3_#_Ronai_BRCA_028_DM-9606-2-014.svs,Ronai_BRCA_028_DM-9606-2-014.svs,0.102543720190779,Cluster_9,
6_#_Ronai_BRCA_028_DM-9606-2-014.svs,Ronai_BRCA_028_DM-9606-2-014.svs,0.0961844197138315,Cluster_10,
7_#_Ronai_BRCA_028_DM-9606-2-014.svs,Ronai_BRCA_028_DM-9606-2-014.svs,0.0779014308426073,Cluster_10,
0_#_Ronai_BRCA2_006_DM-9606-4-007.svs,Ronai_BRCA2_006_DM-9606-4-007.svs,0.172222222222222,Cluster_10,
1_#_Ronai_BRCA2_006_DM-9606-4-007.svs,Ronai_BRCA2_006_DM-9606-4-007.svs,0.158333333333333,Cluster_10,
3_#_Ronai_BRCA2_006_DM-9606-4-007.svs,Ronai_BRCA2_006_DM-9606-4-007.svs,0.158333333333333,Cluster_10,
2_#_Ronai_BRCA2_006_DM-9606-4-007.svs,Ronai_BRCA2_006_DM-9606-4-007.svs,0.154166666666667,Cluster_4,
5_#_Ronai_BRCA2_006_DM-9606-4-007.svs,Ronai_BRCA2_006_DM-9606-4-007.svs,0.116666666666667,Cluster_4,
4_#_Ronai_BRCA2_006_DM-9606-4-007.svs,Ronai_BRCA2_006_DM-9606-4-007.svs,0.0930555555555556,Cluster_4,
6_#_Ronai_BRCA2_006_DM-9606-4-007.svs,Ronai_BRCA2_006_DM-9606-4-007.svs,0.0916666666666667,Cluster_4,
7_#_Ronai_BRCA2_006_DM-9606-4-007.svs,Ronai_BRCA2_006_DM-9606-4-007.svs,0.0555555555555556,Cluster_2,
0_#_Ronai_BRCA2_004_DM-9606-4-005.svs,Ronai_BRCA2_004_DM-9606-4-005.svs,0.194029850746269,Cluster_1,
2_#_Ronai_BRCA2_004_DM-9606-4-005.svs,Ronai_BRCA2_004_DM-9606-4-005.svs,0.187141216991963,Cluster_1,
1_#_Ronai_BRCA2_004_DM-9606-4-005.svs,Ronai_BRCA2_004_DM-9606-4-005.svs,0.163030998851894,Cluster_9,
3_#_Ronai_BRCA2_004_DM-9606-4-005.svs,Ronai_BRCA2_004_DM-9606-4-005.svs,0.156142365097589,Cluster_8,
5_#_Ronai_BRCA2_004_DM-9606-4-005.svs,Ronai_BRCA2_004_DM-9606-4-005.svs,0.107921928817451,Cluster_1,
6_#_Ronai_BRCA2_004_DM-9606-4-005.svs,Ronai_BRCA2_004_DM-9606-4-005.svs,0.0964408725602755,Cluster_10,
4_#_Ronai_BRCA2_004_DM-9606-4-005.svs,Ronai_BRCA2_004_DM-9606-4-005.svs,0.095292766934558,Cluster_8,
0_#_Ronai_BRCA_018_DM-9606-2-001.svs,Ronai_BRCA_018_DM-9606-2-001.svs,0.199477351916376,Cluster_10,
5_#_Ronai_BRCA_018_DM-9606-2-001.svs,Ronai_BRCA_018_DM-9606-2-001.svs,0.162020905923345,Cluster_5,
1_#_Ronai_BRCA_018_DM-9606-2-001.svs,Ronai_BRCA_018_DM-9606-2-001.svs,0.152439024390244,Cluster_5,
4_#_Ronai_BRCA_018_DM-9606-2-001.svs,Ronai_BRCA_018_DM-9606-2-001.svs,0.131533101045296,Cluster_10,
3_#_Ronai_BRCA_018_DM-9606-2-001.svs,Ronai_BRCA_018_DM-9606-2-001.svs,0.121080139372822,Cluster_4,
2_#_Ronai_BRCA_018_DM-9606-2-001.svs,Ronai_BRCA_018_DM-9606-2-001.svs,0.117595818815331,Cluster_2,
6_#_Ronai_BRCA_018_DM-9606-2-001.svs,Ronai_BRCA_018_DM-9606-2-001.svs,0.115853658536585,Cluster_4,
1_#_Ronai_BRCA_010_DM-9606-012.svs,Ronai_BRCA_010_DM-9606-012.svs,0.189386056191467,Cluster_5,
3_#_Ronai_BRCA_010_DM-9606-012.svs,Ronai_BRCA_010_DM-9606-012.svs,0.176899063475546,Cluster_5,
0_#_Ronai_BRCA_010_DM-9606-012.svs,Ronai_BRCA_010_DM-9606-012.svs,0.174817898022893,Cluster_5,
2_#_Ronai_BRCA_010_DM-9606-012.svs,Ronai_BRCA_010_DM-9606-012.svs,0.171696149843913,Cluster_5,
4_#_Ronai_BRCA_010_DM-9606-012.svs,Ronai_BRCA_010_DM-9606-012.svs,0.123829344432882,Cluster_8,
5_#_Ronai_BRCA_010_DM-9606-012.svs,Ronai_BRCA_010_DM-9606-012.svs,0.0988553590010406,Cluster_2,
6_#_Ronai_BRCA_010_DM-9606-012.svs,Ronai_BRCA_010_DM-9606-012.svs,0.0645161290322581,Cluster_5,
1_#_Ronai_BRCA_025_DM-9606-2-011.svs,Ronai_BRCA_025_DM-9606-2-011.svs,0.191371772663532,Cluster_8,
3_#_Ronai_BRCA_025_DM-9606-2-011.svs,Ronai_BRCA_025_DM-9606-2-011.svs,0.185185185185185,Cluster_8,
0_#_Ronai_BRCA_025_DM-9606-2-011.svs,Ronai_BRCA_025_DM-9606-2-011.svs,0.181555720531222,Cluster_5,
4_#_Ronai_BRCA_025_DM-9606-2-011.svs,Ronai_BRCA_025_DM-9606-2-011.svs,0.155572053122165,Cluster_5,
2_#_Ronai_BRCA_025_DM-9606-2-011.svs,Ronai_BRCA_025_DM-9606-2-011.svs,0.154004784294317,Cluster_5,
6_#_Ronai_BRCA_025_DM-9606-2-011.svs,Ronai_BRCA_025_DM-9606-2-011.svs,0.100717644147488,Cluster_5,
5_#_Ronai_BRCA_025_DM-9606-2-011.svs,Ronai_BRCA_025_DM-9606-2-011.svs,0.0315928400560917,Cluster_1,
1_#_Ronai_BRCA_030_DM-9606-2-017.svs,Ronai_BRCA_030_DM-9606-2-017.svs,0.202835581980334,Cluster_2,
0_#_Ronai_BRCA_030_DM-9606-2-017.svs,Ronai_BRCA_030_DM-9606-2-017.svs,0.18214040704322,Cluster_5,
2_#_Ronai_BRCA_030_DM-9606-2-017.svs,Ronai_BRCA_030_DM-9606-2-017.svs,0.177338211753945,Cluster_5,
4_#_Ronai_BRCA_030_DM-9606-2-017.svs,Ronai_BRCA_030_DM-9606-2-017.svs,0.13011662474274,Cluster_4,
3_#_Ronai_BRCA_030_DM-9606-2-017.svs,Ronai_BRCA_030_DM-9606-2-017.svs,0.1266864852504,Cluster_2,
6_#_Ronai_BRCA_030_DM-9606-2-017.svs,Ronai_BRCA_030_DM-9606-2-017.svs,0.113308941230277,Cluster_5,
5_#_Ronai_BRCA_030_DM-9606-2-017.svs,Ronai_BRCA_030_DM-9606-2-017.svs,0.0675737479990853,Cluster_4,
4_#_Ronai_BRCA2_001_DM-9606-4-002.svs,Ronai_BRCA2_001_DM-9606-4-002.svs,0.206282722513089,Cluster_8,
0_#_Ronai_BRCA2_001_DM-9606-4-002.svs,Ronai_BRCA2_001_DM-9606-4-002.svs,0.192146596858639,Cluster_8,
5_#_Ronai_BRCA2_001_DM-9606-4-002.svs,Ronai_BRCA2_001_DM-9606-4-002.svs,0.189005235602094,Cluster_8,
1_#_Ronai_BRCA2_001_DM-9606-4-002.svs,Ronai_BRCA2_001_DM-9606-4-002.svs,0.159162303664921,Cluster_8,
3_#_Ronai_BRCA2_001_DM-9606-4-002.svs,Ronai_BRCA2_001_DM-9606-4-002.svs,0.110994764397906,Cluster_1,
2_#_Ronai_BRCA2_001_DM-9606-4-002.svs,Ronai_BRCA2_001_DM-9606-4-002.svs,0.0722513089005236,Cluster_8,
6_#_Ronai_BRCA2_001_DM-9606-4-002.svs,Ronai_BRCA2_001_DM-9606-4-002.svs,0.0701570680628272,Cluster_1,
1_#_Ronai_BRCA_003_DM-9606-004.svs,Ronai_BRCA_003_DM-9606-004.svs,0.209826275787188,Cluster_10,
0_#_Ronai_BRCA_003_DM-9606-004.svs,Ronai_BRCA_003_DM-9606-004.svs,0.193268186753529,Cluster_4,
3_#_Ronai_BRCA_003_DM-9606-004.svs,Ronai_BRCA_003_DM-9606-004.svs,0.162052117263844,Cluster_10,
4_#_Ronai_BRCA_003_DM-9606-004.svs,Ronai_BRCA_003_DM-9606-004.svs,0.160152008686211,Cluster_10,
5_#_Ronai_BRCA_003_DM-9606-004.svs,Ronai_BRCA_003_DM-9606-004.svs,0.137622149837134,Cluster_10,
2_#_Ronai_BRCA_003_DM-9606-004.svs,Ronai_BRCA_003_DM-9606-004.svs,0.137079261672096,Cluster_5,
0_#_Ronai_BRCA_023_DM-9606-2-009.svs,Ronai_BRCA_023_DM-9606-2-009.svs,0.167120387174834,Cluster_5,
2_#_Ronai_BRCA_023_DM-9606-2-009.svs,Ronai_BRCA_023_DM-9606-2-009.svs,0.159709618874773,Cluster_5,
5_#_Ronai_BRCA_023_DM-9606-2-009.svs,Ronai_BRCA_023_DM-9606-2-009.svs,0.154567453115547,Cluster_5,
1_#_Ronai_BRCA_023_DM-9606-2-009.svs,Ronai_BRCA_023_DM-9606-2-009.svs,0.148971566848155,Cluster_4,
4_#_Ronai_BRCA_023_DM-9606-2-009.svs,Ronai_BRCA_023_DM-9606-2-009.svs,0.14065335753176,Cluster_5,
3_#_Ronai_BRCA_023_DM-9606-2-009.svs,Ronai_BRCA_023_DM-9606-2-009.svs,0.102540834845735,Cluster_10,
6_#_Ronai_BRCA_023_DM-9606-2-009.svs,Ronai_BRCA_023_DM-9606-2-009.svs,0.0719903206291591,Cluster_8,
7_#_Ronai_BRCA_023_DM-9606-2-009.svs,Ronai_BRCA_023_DM-9606-2-009.svs,0.0544464609800363,Cluster_8,
0_#_Ronai_BRCA_036_DM-9606-3-004.svs,Ronai_BRCA_036_DM-9606-3-004.svs,0.280346820809249,Cluster_5,
2_#_Ronai_BRCA_036_DM-9606-3-004.svs,Ronai_BRCA_036_DM-9606-3-004.svs,0.236994219653179,Cluster_8,
1_#_Ronai_BRCA_036_DM-9606-3-004.svs,Ronai_BRCA_036_DM-9606-3-004.svs,0.151252408477842,Cluster_10,
4_#_Ronai_BRCA_036_DM-9606-3-004.svs,Ronai_BRCA_036_DM-9606-3-004.svs,0.128131021194605,Cluster_5,
3_#_Ronai_BRCA_036_DM-9606-3-004.svs,Ronai_BRCA_036_DM-9606-3-004.svs,0.122350674373796,Cluster_5,
5_#_Ronai_BRCA_036_DM-9606-3-004.svs,Ronai_BRCA_036_DM-9606-3-004.svs,0.0809248554913295,Cluster_4,
1_#_Ronai_BRCA_021_DM-9606-2-007.svs,Ronai_BRCA_021_DM-9606-2-007.svs,0.220670391061453,Cluster_4,
0_#_Ronai_BRCA_021_DM-9606-2-007.svs,Ronai_BRCA_021_DM-9606-2-007.svs,0.21927374301676,Cluster_5,
2_#_Ronai_BRCA_021_DM-9606-2-007.svs,Ronai_BRCA_021_DM-9606-2-007.svs,0.181564245810056,Cluster_9,
3_#_Ronai_BRCA_021_DM-9606-2-007.svs,Ronai_BRCA_021_DM-9606-2-007.svs,0.150837988826816,Cluster_4,
5_#_Ronai_BRCA_021_DM-9606-2-007.svs,Ronai_BRCA_021_DM-9606-2-007.svs,0.134078212290503,Cluster_5,
4_#_Ronai_BRCA_021_DM-9606-2-007.svs,Ronai_BRCA_021_DM-9606-2-007.svs,0.0935754189944134,Cluster_5,
0_#_Ronai_BRCA_000_DM-9606-001.svs,Ronai_BRCA_000_DM-9606-001.svs,0.250706081717191,Cluster_5,
1_#_Ronai_BRCA_000_DM-9606-001.svs,Ronai_BRCA_000_DM-9606-001.svs,0.200621351911128,Cluster_8,
2_#_Ronai_BRCA_000_DM-9606-001.svs,Ronai_BRCA_000_DM-9606-001.svs,0.197514592355489,Cluster_4,
3_#_Ronai_BRCA_000_DM-9606-001.svs,Ronai_BRCA_000_DM-9606-001.svs,0.186688006025231,Cluster_4,
5_#_Ronai_BRCA_000_DM-9606-001.svs,Ronai_BRCA_000_DM-9606-001.svs,0.109866315194879,Cluster_5,
4_#_Ronai_BRCA_000_DM-9606-001.svs,Ronai_BRCA_000_DM-9606-001.svs,0.0477311240820938,Cluster_4,
6_#_Ronai_BRCA_000_DM-9606-001.svs,Ronai_BRCA_000_DM-9606-001.svs,0.0068725287139898,Cluster_4,
0_#_Ronai_BRCA_024_DM-9606-2-010.svs,Ronai_BRCA_024_DM-9606-2-010.svs,0.219767441860465,Cluster_4,
2_#_Ronai_BRCA_024_DM-9606-2-010.svs,Ronai_BRCA_024_DM-9606-2-010.svs,0.212403100775194,Cluster_4,
1_#_Ronai_BRCA_024_DM-9606-2-010.svs,Ronai_BRCA_024_DM-9606-2-010.svs,0.177519379844961,Cluster_4,
3_#_Ronai_BRCA_024_DM-9606-2-010.svs,Ronai_BRCA_024_DM-9606-2-010.svs,0.153488372093023,Cluster_4,
6_#_Ronai_BRCA_024_DM-9606-2-010.svs,Ronai_BRCA_024_DM-9606-2-010.svs,0.131395348837209,Cluster_4,
4_#_Ronai_BRCA_024_DM-9606-2-010.svs,Ronai_BRCA_024_DM-9606-2-010.svs,0.0612403100775194,Cluster_4,
5_#_Ronai_BRCA_024_DM-9606-2-010.svs,Ronai_BRCA_024_DM-9606-2-010.svs,0.0441860465116279,Cluster_4,
0_#_Ronai_BRCA2_003_DM-9606-4-004.svs,Ronai_BRCA2_003_DM-9606-4-004.svs,0.166083916083916,Cluster_10,
2_#_Ronai_BRCA2_003_DM-9606-4-004.svs,Ronai_BRCA2_003_DM-9606-4-004.svs,0.162587412587413,Cluster_10,
3_#_Ronai_BRCA2_003_DM-9606-4-004.svs,Ronai_BRCA2_003_DM-9606-4-004.svs,0.155400155400155,Cluster_10,
1_#_Ronai_BRCA2_003_DM-9606-4-004.svs,Ronai_BRCA2_003_DM-9606-4-004.svs,0.1497668997669,Cluster_10,
4_#_Ronai_BRCA2_003_DM-9606-4-004.svs,Ronai_BRCA2_003_DM-9606-4-004.svs,0.0969308469308469,Cluster_10,
6_#_Ronai_BRCA2_003_DM-9606-4-004.svs,Ronai_BRCA2_003_DM-9606-4-004.svs,0.0965423465423465,Cluster_10,
5_#_Ronai_BRCA2_003_DM-9606-4-004.svs,Ronai_BRCA2_003_DM-9606-4-004.svs,0.0703185703185703,Cluster_10,
8_#_Ronai_BRCA2_003_DM-9606-4-004.svs,Ronai_BRCA2_003_DM-9606-4-004.svs,0.0555555555555556,Cluster_7,
7_#_Ronai_BRCA2_003_DM-9606-4-004.svs,Ronai_BRCA2_003_DM-9606-4-004.svs,0.0468142968142968,Cluster_7,
0_#_Ronai_BRCA_027_DM-9606-2-013.svs,Ronai_BRCA_027_DM-9606-2-013.svs,0.215874673629243,Cluster_4,
1_#_Ronai_BRCA_027_DM-9606-2-013.svs,Ronai_BRCA_027_DM-9606-2-013.svs,0.212845953002611,Cluster_4,
2_#_Ronai_BRCA_027_DM-9606-2-013.svs,Ronai_BRCA_027_DM-9606-2-013.svs,0.201253263707572,Cluster_4,
3_#_Ronai_BRCA_027_DM-9606-2-013.svs,Ronai_BRCA_027_DM-9606-2-013.svs,0.17023498694517,Cluster_4,
4_#_Ronai_BRCA_027_DM-9606-2-013.svs,Ronai_BRCA_027_DM-9606-2-013.svs,0.167937336814621,Cluster_4,
5_#_Ronai_BRCA_027_DM-9606-2-013.svs,Ronai_BRCA_027_DM-9606-2-013.svs,0.0318537859007833,Cluster_4,
0_#_Ronai_BRCA_014_DM-9606-016.svs,Ronai_BRCA_014_DM-9606-016.svs,0.206283343212804,Cluster_2,
1_#_Ronai_BRCA_014_DM-9606-016.svs,Ronai_BRCA_014_DM-9606-016.svs,0.202133965619443,Cluster_10,
2_#_Ronai_BRCA_014_DM-9606-016.svs,Ronai_BRCA_014_DM-9606-016.svs,0.190871369294606,Cluster_10,
4_#_Ronai_BRCA_014_DM-9606-016.svs,Ronai_BRCA_014_DM-9606-016.svs,0.152045050385299,Cluster_10,
5_#_Ronai_BRCA_014_DM-9606-016.svs,Ronai_BRCA_014_DM-9606-016.svs,0.130112625963248,Cluster_2,
3_#_Ronai_BRCA_014_DM-9606-016.svs,Ronai_BRCA_014_DM-9606-016.svs,0.1185536455246,Cluster_8,
2_#_Ronai_BRCA2_000_DM-9606-4-001.svs,Ronai_BRCA2_000_DM-9606-4-001.svs,0.193978941124129,Cluster_10,
1_#_Ronai_BRCA2_000_DM-9606-4-001.svs,Ronai_BRCA2_000_DM-9606-4-001.svs,0.14177665727421,Cluster_8,
3_#_Ronai_BRCA2_000_DM-9606-4-001.svs,Ronai_BRCA2_000_DM-9606-4-001.svs,0.127391368826932,Cluster_10,
4_#_Ronai_BRCA2_000_DM-9606-4-001.svs,Ronai_BRCA2_000_DM-9606-4-001.svs,0.127094764941421,Cluster_8,
0_#_Ronai_BRCA2_000_DM-9606-4-001.svs,Ronai_BRCA2_000_DM-9606-4-001.svs,0.118344950318849,Cluster_10,
5_#_Ronai_BRCA2_000_DM-9606-4-001.svs,Ronai_BRCA2_000_DM-9606-4-001.svs,0.0986207919323743,Cluster_4,
6_#_Ronai_BRCA2_000_DM-9606-4-001.svs,Ronai_BRCA2_000_DM-9606-4-001.svs,0.0891294675960255,Cluster_4,
7_#_Ronai_BRCA2_000_DM-9606-4-001.svs,Ronai_BRCA2_000_DM-9606-4-001.svs,0.0731128577784369,Cluster_10,
8_#_Ronai_BRCA2_000_DM-9606-4-001.svs,Ronai_BRCA2_000_DM-9606-4-001.svs,0.0305502002076227,Cluster_1,
0_#_Ronai_BRCA_037_DM-9606-3-005.svs,Ronai_BRCA_037_DM-9606-3-005.svs,0.218933258866239,Cluster_4,
1_#_Ronai_BRCA_037_DM-9606-3-005.svs,Ronai_BRCA_037_DM-9606-3-005.svs,0.215582239597878,Cluster_4,
3_#_Ronai_BRCA_037_DM-9606-3-005.svs,Ronai_BRCA_037_DM-9606-3-005.svs,0.207483943032672,Cluster_4,
2_#_Ronai_BRCA_037_DM-9606-3-005.svs,Ronai_BRCA_037_DM-9606-3-005.svs,0.173135995531974,Cluster_4,
4_#_Ronai_BRCA_037_DM-9606-3-005.svs,Ronai_BRCA_037_DM-9606-3-005.svs,0.156660150795867,Cluster_4,
5_#_Ronai_BRCA_037_DM-9606-3-005.svs,Ronai_BRCA_037_DM-9606-3-005.svs,0.02820441217537,Cluster_4,
4_#_Ronai_BRCA_011_DM-9606-013.svs,Ronai_BRCA_011_DM-9606-013.svs,0.175974710221286,Cluster_4,
2_#_Ronai_BRCA_011_DM-9606-013.svs,Ronai_BRCA_011_DM-9606-013.svs,0.174394099051633,Cluster_4,
3_#_Ronai_BRCA_011_DM-9606-013.svs,Ronai_BRCA_011_DM-9606-013.svs,0.154373024236038,Cluster_8,
1_#_Ronai_BRCA_011_DM-9606-013.svs,Ronai_BRCA_011_DM-9606-013.svs,0.13013698630137,Cluster_4,
0_#_Ronai_BRCA_011_DM-9606-013.svs,Ronai_BRCA_011_DM-9606-013.svs,0.126975763962065,Cluster_4,
6_#_Ronai_BRCA_011_DM-9606-013.svs,Ronai_BRCA_011_DM-9606-013.svs,0.122760800842993,Cluster_6,
5_#_Ronai_BRCA_011_DM-9606-013.svs,Ronai_BRCA_011_DM-9606-013.svs,0.115384615384615,Cluster_8,
3_#_Ronai_BRCA_022_DM-9606-2-008.svs,Ronai_BRCA_022_DM-9606-2-008.svs,0.16645633518425,Cluster_6,
0_#_Ronai_BRCA_022_DM-9606-2-008.svs,Ronai_BRCA_022_DM-9606-2-008.svs,0.152322059565876,Cluster_10,
2_#_Ronai_BRCA_022_DM-9606-2-008.svs,Ronai_BRCA_022_DM-9606-2-008.svs,0.146769308430086,Cluster_8,
1_#_Ronai_BRCA_022_DM-9606-2-008.svs,Ronai_BRCA_022_DM-9606-2-008.svs,0.142983341746593,Cluster_6,
4_#_Ronai_BRCA_022_DM-9606-2-008.svs,Ronai_BRCA_022_DM-9606-2-008.svs,0.118248359414437,Cluster_10,
5_#_Ronai_BRCA_022_DM-9606-2-008.svs,Ronai_BRCA_022_DM-9606-2-008.svs,0.112695608278647,Cluster_8,
7_#_Ronai_BRCA_022_DM-9606-2-008.svs,Ronai_BRCA_022_DM-9606-2-008.svs,0.0810196870267542,Cluster_10,
8_#_Ronai_BRCA_022_DM-9606-2-008.svs,Ronai_BRCA_022_DM-9606-2-008.svs,0.0523725391216557,Cluster_4,
6_#_Ronai_BRCA_022_DM-9606-2-008.svs,Ronai_BRCA_022_DM-9606-2-008.svs,0.0271327612317012,Cluster_8,
2_#_Ronai_BRCA_039_DM-9606-3-007.svs,Ronai_BRCA_039_DM-9606-3-007.svs,0.185621445978879,Cluster_10,
3_#_Ronai_BRCA_039_DM-9606-3-007.svs,Ronai_BRCA_039_DM-9606-3-007.svs,0.154752233956133,Cluster_10,
0_#_Ronai_BRCA_039_DM-9606-3-007.svs,Ronai_BRCA_039_DM-9606-3-007.svs,0.151096669374492,Cluster_10,
1_#_Ronai_BRCA_039_DM-9606-3-007.svs,Ronai_BRCA_039_DM-9606-3-007.svs,0.143379366368806,Cluster_10,
4_#_Ronai_BRCA_039_DM-9606-3-007.svs,Ronai_BRCA_039_DM-9606-3-007.svs,0.106011372867587,Cluster_4,
7_#_Ronai_BRCA_039_DM-9606-3-007.svs,Ronai_BRCA_039_DM-9606-3-007.svs,0.0958570268074736,Cluster_4,
6_#_Ronai_BRCA_039_DM-9606-3-007.svs,Ronai_BRCA_039_DM-9606-3-007.svs,0.0820471161657189,Cluster_10,
5_#_Ronai_BRCA_039_DM-9606-3-007.svs,Ronai_BRCA_039_DM-9606-3-007.svs,0.0812347684809098,Cluster_10,
1_#_Ronai_BRCA_040_DM-9606.svs,Ronai_BRCA_040_DM-9606.svs,0.241455696202532,Cluster_2,
2_#_Ronai_BRCA_040_DM-9606.svs,Ronai_BRCA_040_DM-9606.svs,0.226740506329114,Cluster_2,
0_#_Ronai_BRCA_040_DM-9606.svs,Ronai_BRCA_040_DM-9606.svs,0.224841772151899,Cluster_2,
3_#_Ronai_BRCA_040_DM-9606.svs,Ronai_BRCA_040_DM-9606.svs,0.202215189873418,Cluster_2,
4_#_Ronai_BRCA_040_DM-9606.svs,Ronai_BRCA_040_DM-9606.svs,0.0533227848101266,Cluster_10,
5_#_Ronai_BRCA_040_DM-9606.svs,Ronai_BRCA_040_DM-9606.svs,0.0514240506329114,Cluster_4,
1_#_Ronai_BRCA_002_DM-9606-003.svs,Ronai_BRCA_002_DM-9606-003.svs,0.22316384180791,Cluster_10,
2_#_Ronai_BRCA_002_DM-9606-003.svs,Ronai_BRCA_002_DM-9606-003.svs,0.188135593220339,Cluster_2,
0_#_Ronai_BRCA_002_DM-9606-003.svs,Ronai_BRCA_002_DM-9606-003.svs,0.177401129943503,Cluster_8,
4_#_Ronai_BRCA_002_DM-9606-003.svs,Ronai_BRCA_002_DM-9606-003.svs,0.171751412429379,Cluster_8,
3_#_Ronai_BRCA_002_DM-9606-003.svs,Ronai_BRCA_002_DM-9606-003.svs,0.154802259887006,Cluster_10,
5_#_Ronai_BRCA_002_DM-9606-003.svs,Ronai_BRCA_002_DM-9606-003.svs,0.0847457627118644,Cluster_4,
0_#_Ronai_BRCA2_002_DM-9606-4-003.svs,Ronai_BRCA2_002_DM-9606-4-003.svs,0.210421566853628,Cluster_10,
4_#_Ronai_BRCA2_002_DM-9606-4-003.svs,Ronai_BRCA2_002_DM-9606-4-003.svs,0.200832277908449,Cluster_10,
2_#_Ronai_BRCA2_002_DM-9606-4-003.svs,Ronai_BRCA2_002_DM-9606-4-003.svs,0.194861588565225,Cluster_10,
1_#_Ronai_BRCA2_002_DM-9606-4-003.svs,Ronai_BRCA2_002_DM-9606-4-003.svs,0.191242988963271,Cluster_10,
6_#_Ronai_BRCA2_002_DM-9606-4-003.svs,Ronai_BRCA2_002_DM-9606-4-003.svs,0.081418491043966,Cluster_6,
5_#_Ronai_BRCA2_002_DM-9606-4-003.svs,Ronai_BRCA2_002_DM-9606-4-003.svs,0.0692961823774199,Cluster_1,
3_#_Ronai_BRCA2_002_DM-9606-4-003.svs,Ronai_BRCA2_002_DM-9606-4-003.svs,0.0519269042880405,Cluster_8,
